Title,Iframe_src
Emily Owens M.d.: Season 1,https://eplayvid.net/watch/1c821f203af24f9
Emily Owens M.d.: Season 1,https://eplayvid.net/watch/08ecf71d38a4a6b
Emily Owens M.d.: Season 1,https://eplayvid.net/watch/141ce8334f5d5ed
Emily Owens M.d.: Season 1,https://eplayvid.net/watch/260861c893bec48
Emily Owens M.d.: Season 1,https://eplayvid.net/watch/bdea15597d64a65
Emily Owens M.d.: Season 1,https://eplayvid.net/watch/577d65cafe6cede
Emily Owens M.d.: Season 1,https://eplayvid.net/watch/5c1f1f17b7cb75b
Emily Owens M.d.: Season 1,https://eplayvid.net/watch/fee9a7c19bea7e5
Emily Owens M.d.: Season 1,https://eplayvid.net/watch/6f4035631a5a415
Emily Owens M.d.: Season 1,https://eplayvid.net/watch/896243b6c9a4be6
Hillbilly Blood: A Hardscrabble Life (3-d): Season 3,https://eplayvid.net/watch/a9e1aef5e7c2f84
Hillbilly Blood: A Hardscrabble Life (3-d): Season 3,https://eplayvid.net/watch/e8327cf9ab66dfd
Hillbilly Blood: A Hardscrabble Life (3-d): Season 3,https://eplayvid.net/watch/e7f26670b824ff4
Hillbilly Blood: A Hardscrabble Life (3-d): Season 3,https://eplayvid.net/watch/5a51e338690f5e8
Hillbilly Blood: A Hardscrabble Life (3-d): Season 3,https://eplayvid.net/watch/68e054a5d7b0843
Emily Owens M.d.: Season 1,https://eplayvid.net/watch/e3f6d5f866e5c5b
Hillbilly Blood: A Hardscrabble Life (3-d): Season 3,https://eplayvid.net/watch/d6892eed5806e03
Hillbilly Blood: A Hardscrabble Life (3-d): Season 3,https://eplayvid.net/watch/1442242d603f444
Hillbilly Blood: A Hardscrabble Life (3-d): Season 3,https://eplayvid.net/watch/99e1ee4d3bdaee8
Hillbilly Blood: A Hardscrabble Life (3-d): Season 3,https://eplayvid.net/watch/b3cf7e50f27c714
Hillbilly Blood: A Hardscrabble Life (3-d): Season 3,https://eplayvid.net/watch/cf390886771f1d6
Hillbilly Blood: A Hardscrabble Life (3-d): Season 3,https://eplayvid.net/watch/665ccc4d48203d1
Hillbilly Blood: A Hardscrabble Life (3-d): Season 3,https://eplayvid.net/watch/c5c367406034d64
Hillbilly Blood: A Hardscrabble Life (3-d): Season 4,https://eplayvid.net/watch/787c174e1419754
Hillbilly Blood: A Hardscrabble Life (3-d): Season 4,https://eplayvid.net/watch/ae9cdd34a8206d7
Hillbilly Blood: A Hardscrabble Life (3-d): Season 4,https://eplayvid.net/watch/3f8c76acf35c58d
Hillbilly Blood: A Hardscrabble Life (3-d): Season 4,https://eplayvid.net/watch/5b5e66cc2ef3a7c
Hillbilly Blood: A Hardscrabble Life (3-d): Season 2,https://eplayvid.net/watch/8c4b574ca8f9d7a
Hillbilly Blood: A Hardscrabble Life (3-d): Season 2,https://eplayvid.net/watch/f20c4ad317fecab
Hillbilly Blood: A Hardscrabble Life (3-d): Season 2,https://eplayvid.net/watch/873624af6e6f5d7
Hillbilly Blood: A Hardscrabble Life (3-d): Season 2,https://eplayvid.net/watch/178a6bcfb3caee3
Hillbilly Blood: A Hardscrabble Life (3-d): Season 2,https://eplayvid.net/watch/b557bc2fb697527
Hillbilly Blood: A Hardscrabble Life (3-d): Season 2,https://eplayvid.net/watch/809fa8524cc3ca7
Hillbilly Blood: A Hardscrabble Life (3-d): Season 2,https://eplayvid.net/watch/85ab9993f672ec5
Hillbilly Blood: A Hardscrabble Life (3-d): Season 2,https://eplayvid.net/watch/37c284595716b23
Hillbilly Blood: A Hardscrabble Life (3-d): Season 2,https://eplayvid.net/watch/ce9b055192c22cf
Hillbilly Blood: A Hardscrabble Life (3-d): Season 1,https://eplayvid.net/watch/d6f29b66af48012
Hillbilly Blood: A Hardscrabble Life (3-d): Season 2,https://eplayvid.net/watch/4d0ded40819d5de
Hillbilly Blood: A Hardscrabble Life (3-d): Season 1,https://eplayvid.net/watch/948c419cbdc5a64
Hillbilly Blood: A Hardscrabble Life (3-d): Season 1,https://eplayvid.net/watch/6715d3e81e0ebea
Hillbilly Blood: A Hardscrabble Life (3-d): Season 1,https://eplayvid.net/watch/368cc6bdeb472c9
House M.d.: Season 8,https://eplayvid.net/watch/24c1bafd430fd1d
Hillbilly Blood: A Hardscrabble Life (3-d): Season 1,https://eplayvid.net/watch/7b979aa9df385d0
House M.d.: Season 8,https://eplayvid.net/watch/4c950194965fc6b
House M.d.: Season 8,https://eplayvid.net/watch/5be021e7c49d689
House M.d.: Season 8,https://eplayvid.net/watch/1c85d436d456761
House M.d.: Season 8,https://eplayvid.net/watch/386a8d8a97f3c57
House M.d.: Season 8,https://eplayvid.net/watch/18aaf3cbcec85c8
House M.d.: Season 8,https://eplayvid.net/watch/a4e0e2669247a02
House M.d.: Season 8,https://eplayvid.net/watch/95d490caa3fa6da
House M.d.: Season 8,https://eplayvid.net/watch/31b11a89e32e184
House M.d.: Season 8,https://eplayvid.net/watch/a76f63119adf0c3
House M.d.: Season 8,https://eplayvid.net/watch/97276401275a81d
House M.d.: Season 8,https://eplayvid.net/watch/65409552f815039
House M.d.: Season 8,https://eplayvid.net/watch/747042e0ed7550d
House M.d.: Season 8,https://eplayvid.net/watch/86111033b686bc7
Hillbilly Blood: A Hardscrabble Life (3-d): Season 1,https://eplayvid.net/watch/6e0de0a24981c9a
House M.d.: Season 8,https://eplayvid.net/watch/ac76a05423ee766
House M.d.: Season 8,https://eplayvid.net/watch/157b7382eb0b5db
House M.d.: Season 8,https://eplayvid.net/watch/0a9591ef4b84cdb
House M.d.: Season 8,https://eplayvid.net/watch/56a87449802b2e6
House M.d.: Season 8,https://eplayvid.net/watch/93e5d106dba51a2
House M.d.: Season 8,https://eplayvid.net/watch/32f0d567c44a8ac
House M.d.: Season 7,https://eplayvid.net/watch/981463afc12497c
House M.d.: Season 8,https://eplayvid.net/watch/a2a522041182bda
House M.d.: Season 7,https://eplayvid.net/watch/15deda98dbfd730
House M.d.: Season 7,https://eplayvid.net/watch/fafc5ad380cd6a5
House M.d.: Season 7,https://eplayvid.net/watch/92c1ff534e85d95
House M.d.: Season 7,https://eplayvid.net/watch/3d5a6cd5378731e
House M.d.: Season 8,https://eplayvid.net/watch/e706131f1548d2a
House M.d.: Season 7,https://eplayvid.net/watch/52e949de1d5bafd
House M.d.: Season 7,https://eplayvid.net/watch/03c73410de767ff
House M.d.: Season 7,https://eplayvid.net/watch/d4ecb8f4c90644d
House M.d.: Season 7,https://eplayvid.net/watch/9c925579a632ad2
House M.d.: Season 7,https://eplayvid.net/watch/1daeaf6f5987532
House M.d.: Season 7,https://eplayvid.net/watch/1535f00f0192425
House M.d.: Season 7,https://eplayvid.net/watch/47e17d1eb33a4b4
House M.d.: Season 7,https://eplayvid.net/watch/0b3a1eebd0ed805
House M.d.: Season 7,https://eplayvid.net/watch/2e4ec4415b9f34f
House M.d.: Season 7,https://eplayvid.net/watch/4c7a0102356d4ad
House M.d.: Season 7,https://eplayvid.net/watch/0ec04edcb115245
House M.d.: Season 7,https://eplayvid.net/watch/4358bfb5f5133f0
House M.d.: Season 7,https://eplayvid.net/watch/936e6c1974b5cc3
House M.d.: Season 7,https://eplayvid.net/watch/66a858f479ab0c9
House M.d.: Season 7,https://eplayvid.net/watch/fb152ee59a4ac2c
D.u.i.: Season 1,https://eplayvid.net/watch/b48c2f903bba934
D.u.i.: Season 1,https://eplayvid.net/watch/9be53ad757a9038
D.u.i.: Season 1,https://eplayvid.net/watch/a16ae4461f0034a
House M.d.: Season 7,https://eplayvid.net/watch/52ed5b8ff70d76b
D.u.i.: Season 1,https://eplayvid.net/watch/1eeaef4466afa35
D.u.i.: Season 1,https://eplayvid.net/watch/896735c89ad1542
The Real Housewives Of D.c.: Season 1,https://eplayvid.net/watch/fdc83fffe60c1e5
The Real Housewives Of D.c.: Season 1,https://eplayvid.net/watch/7580a87da2fa6da
The Real Housewives Of D.c.: Season 1,https://eplayvid.net/watch/e1811bcfe787a0b
The Real Housewives Of D.c.: Season 1,https://eplayvid.net/watch/fbdaa294568ac11
D.u.i.: Season 1,https://eplayvid.net/watch/b7933ab98ed6aa1
The Real Housewives Of D.c.: Season 1,https://eplayvid.net/watch/55e4a1343d3f43d
The Real Housewives Of D.c.: Season 1,https://eplayvid.net/watch/7c7ab0fe949ce28
The Real Housewives Of D.c.: Season 1,https://eplayvid.net/watch/1eeb78ac9fbb1bf
The Real Housewives Of D.c.: Season 1,https://eplayvid.net/watch/54922f4ebc3f5c9
The Real Housewives Of D.c.: Season 1,https://eplayvid.net/watch/2b1d187860029e4
The Real Housewives Of D.c.: Season 1,https://eplayvid.net/watch/7861fb02702918a
The Real Housewives Of D.c.: Season 1,https://eplayvid.net/watch/9034baacc105819
Xam'd: Lost Memories,https://eplayvid.net/watch/758d9406eb2d914
Xam'd: Lost Memories,https://eplayvid.net/watch/92ed60f5fdb94f2
Xam'd: Lost Memories,https://eplayvid.net/watch/0959df2cb07ca04
Xam'd: Lost Memories,https://eplayvid.net/watch/9ad29a5bd68e46a
Xam'd: Lost Memories,https://eplayvid.net/watch/35578c74770801d
Xam'd: Lost Memories,https://eplayvid.net/watch/f3e08372c70576b
Xam'd: Lost Memories,https://eplayvid.net/watch/258455e86de5cc6
Xam'd: Lost Memories,https://eplayvid.net/watch/3ff4e478a16d030
Xam'd: Lost Memories,https://eplayvid.net/watch/224ef11fdbf4e19
Xam'd: Lost Memories,https://eplayvid.net/watch/1a85716bfe1d170
House M.d.: Season 7,https://eplayvid.net/watch/9ba313eaeda5ea4
Xam'd: Lost Memories,https://eplayvid.net/watch/2cabde4e302e62e`
Xam'd: Lost Memories,https://eplayvid.net/watch/a8e5779289b8409
Xam'd: Lost Memories,https://eplayvid.net/watch/b67b33f38a500d9
Xam'd: Lost Memories,https://eplayvid.net/watch/d5beaec583e9fa8
Xam'd: Lost Memories,https://eplayvid.net/watch/ee5e79329ed76d5
Xam'd: Lost Memories,https://eplayvid.net/watch/d111ec77c7084aa
Xam'd: Lost Memories,https://eplayvid.net/watch/71da2a80d079a1f
Xam'd: Lost Memories,https://eplayvid.net/watch/a1cf9dbb9ddd5d5
Xam'd: Lost Memories,https://eplayvid.net/watch/c948f18c7672309
Xam'd: Lost Memories,https://eplayvid.net/watch/018b2fc8b891350
Xam'd: Lost Memories,https://eplayvid.net/watch/6284f264e36b788
Xam'd: Lost Memories,https://eplayvid.net/watch/8223e09e69a5a6b
Xam'd: Lost Memories,https://eplayvid.net/watch/53979582b1e0e5d
Xam'd: Lost Memories,https://eplayvid.net/watch/12a58cc83d391cc
Xam'd: Lost Memories,https://eplayvid.net/watch/148a484de425f71
Xam'd: Lost Memories,https://eplayvid.net/watch/f976a1dfc913d5c
House M.d.: Season 6,https://eplayvid.net/watch/27d96ccad384509
House M.d.: Season 6,https://eplayvid.net/watch/0e753763eb14c8c
House M.d.: Season 6,https://eplayvid.net/watch/21c7f9a3c5596e4
House M.d.: Season 6,https://eplayvid.net/watch/d122678a98a6daa
House M.d.: Season 6,https://eplayvid.net/watch/ee99800f5062d9c
House M.d.: Season 6,https://eplayvid.net/watch/fb022bb46289929
House M.d.: Season 6,https://eplayvid.net/watch/c8c7b904d5d5213
House M.d.: Season 6,https://eplayvid.net/watch/f53511e52aef8b2
House M.d.: Season 6,https://eplayvid.net/watch/40be6e1e693d764
House M.d.: Season 6,https://eplayvid.net/watch/73ebf4dc3b8aabd
House M.d.: Season 6,https://eplayvid.net/watch/8a14c898579484a
House M.d.: Season 6,https://eplayvid.net/watch/5201c160b3df5b6
House M.d.: Season 6,https://eplayvid.net/watch/06e289b00d2a047
House M.d.: Season 6,https://eplayvid.net/watch/5b22b9b9daaf7fc
House M.d.: Season 6,https://eplayvid.net/watch/674a6de8f98dbdc
House M.d.: Season 6,https://eplayvid.net/watch/47954e7182fc43d
House M.d.: Season 6,https://eplayvid.net/watch/a9bb47f43607962
House M.d.: Season 6,https://eplayvid.net/watch/2a2f1f5c42eb32c
House M.d.: Season 6,https://eplayvid.net/watch/9b89a3768cbc34c
House M.d.: Season 6,https://eplayvid.net/watch/25501708db848eb
Q.e.d,https://eplayvid.net/watch/37e7642bd3aacab
House M.d.: Season 6,https://eplayvid.net/watch/ea99419806904bc
House M.d.: Season 7,https://eplayvid.net/watch/70fc2d33b772d66
Q.e.d,https://eplayvid.net/watch/57835e3b2c2ba4a
Q.e.d,https://eplayvid.net/watch/c9c43dded5e9f28
Q.e.d,https://eplayvid.net/watch/a961c6b41efe506
Q.e.d,https://eplayvid.net/watch/25f132927f92c35
Q.e.d,https://eplayvid.net/watch/ebcf1b677281d67
Q.e.d,https://eplayvid.net/watch/32c5cce2f30c263
Q.e.d,https://eplayvid.net/watch/e14f89ad5296018
Hillbilly Blood: A Hardscrabble Life (3-d): Season 5,https://eplayvid.net/watch/edeb6d50255a625
Q.e.d,https://eplayvid.net/watch/b647cf957ba4596
Hillbilly Blood: A Hardscrabble Life (3-d): Season 5,https://eplayvid.net/watch/808049518c60cb4
Hillbilly Blood: A Hardscrabble Life (3-d): Season 5,https://eplayvid.net/watch/f1ca1e0ace700b4
Hillbilly Blood: A Hardscrabble Life (3-d): Season 5,https://eplayvid.net/watch/8a28c47f9d5ce7a
Hillbilly Blood: A Hardscrabble Life (3-d): Season 5,https://eplayvid.net/watch/11187620d1b5e0e
Hillbilly Blood: A Hardscrabble Life (3-d): Season 5,https://eplayvid.net/watch/6b2e5e01976c2de
Hillbilly Blood: A Hardscrabble Life (3-d): Season 5,https://eplayvid.net/watch/cff31979095a961
Hillbilly Blood: A Hardscrabble Life (3-d): Season 5,https://eplayvid.net/watch/30386315f0de906
Hillbilly Blood: A Hardscrabble Life (3-d): Season 5,https://eplayvid.net/watch/e4f74ad3ec5a1ce
Hillbilly Blood: A Hardscrabble Life (3-d): Season 5,https://eplayvid.net/watch/e3c2966a16bcd71
Hillbilly Blood: A Hardscrabble Life (3-d): Season 5,https://eplayvid.net/watch/6f51a149e410f31
Hillbilly Blood: A Hardscrabble Life (3-d): Season 5,https://eplayvid.net/watch/1a4b340624bed68
Hillbilly Blood: A Hardscrabble Life (3-d): Season 5,https://eplayvid.net/watch/7f013d2579ed26a
Hillbilly Blood: A Hardscrabble Life (3-d): Season 5,https://eplayvid.net/watch/d518206d4b5f660
Q.e.d,https://eplayvid.net/watch/3bdca1517551559
