movie_id,link
1,https://eplayvid.net/watch/2a6977b9f7c7dec
2,https://eplayvid.net/watch/f510ee4a2e209e0
3,https://eplayvid.net/watch/fc9c5d67078f056
4,https://eplayvid.net/watch/24188046655b868
5,https://eplayvid.net/watch/7dbc9aaa720d492
6,https://eplayvid.net/watch/44ff265421a6d9c
7,https://eplayvid.net/watch/8fef20b15f400db
8,https://eplayvid.net/watch/be4a04eacff594e
9,https://eplayvid.net/watch/597eed787d320a5
10,https://eplayvid.net/watch/e482f3c0e131d35
11,https://eplayvid.net/watch/a66378c055a50a9
12,https://eplayvid.net/watch/63582abe47e0df8
13,https://eplayvid.net/watch/06f7e671f853b83
14,https://eplayvid.net/watch/053b39bc816fd93
15,https://eplayvid.net/watch/7b066e873f592bd
16,https://eplayvid.net/watch/24d5bd715c0d083
17,https://eplayvid.net/watch/d065ab36dcdb21d
18,https://eplayvid.net/watch/13358798d85a464
19,https://eplayvid.net/watch/f2b5af7cad52e78
20,https://eplayvid.net/watch/a4ccea6f3dfc9b8
21,https://eplayvid.net/watch/e4709d60bb966a3
22,https://eplayvid.net/watch/f0a29e6bf131541
23,https://eplayvid.net/watch/30d0b4193da153d
24,https://mixdrop21.net/e/840k997dcvrnpp
25,https://eplayvid.net/watch/d28d7379e295c8c
26,https://eplayvid.net/watch/d3efddeab8690b8
27,https://eplayvid.net/watch/c7a819589c21df6
28,https://mixdrop21.net/e/1tkplxnr
29,https://eplayvid.net/watch/03511da6c03bdb0
