Action_link,Movie Title,Movie Link
https://upmovies.net/watch/qd7qy4xK-x.html,X,https://eplayvid.net/watch/5e94efdc644a8c9
https://upmovies.net/watch/QG39J1Pv-x-2022.html,X (2022),https://eplayvid.net/watch/92d18e74317432e
https://upmovies.net/watch/OvkrwEAd-x-2011.html,X 2011,https://mixdrop21.net/e/dq3gxe9lb7xvenx
https://upmovies.net/watch/0v8zm9JG-x-2019.html,X 2019,https://voe.sx/e/5nhv7bkwtqgo
https://upmovies.net/watch/ox14V73v-x-1996.html,X (1996),https://eplayvid.net/watch/fc4d2db050f1070
https://upmovies.net/watch/EdBwwZNv-expedition-x-season-7.html,Expedition X: Season 7,https://eplayvid.net/watch/9e3a047f88fbce4
https://upmovies.net/watch/zGWlQYyd-saw-x.html,Saw X,https://eplayvid.net/watch/158376e07d86087
https://upmovies.net/watch/LxR1yWlv-x-trillion.html,X Trillion,https://eplayvid.net/watch/3600d21cf2698d3
https://upmovies.net/watch/EvJYnrbd-expedition-x-season-6.html,Expedition X: Season 6,https://eplayvid.net/watch/5323f76883afed8
https://upmovies.net/watch/zGeoqQjv-beyblade-x.html,BEYBLADE X,https://eplayvid.net/watch/d2ad89f07dd50cf
https://upmovies.net/watch/wvnZNjEv-fast-x.html,Fast X,https://eplayvid.net/watch/528a6b4b792b45c
https://upmovies.net/watch/Xvjy1krd-saint-x-season-1.html,Saint X: Season 1,https://eplayvid.net/watch/8cb947fc8998629
https://upmovies.net/watch/JdAaYo2d-chapter-x.html,Chapter X,https://eplayvid.net/watch/f3f0348facd2884
https://upmovies.net/watch/EdBzYzdj-x-season-1.html,X: Season 1,https://eplayvid.net/watch/68a29be2d5b8f8c
https://upmovies.net/watch/lx2k1RkG-adonis-x.html,Adonis X,https://eplayvid.net/watch/946d481e5d94d23
https://upmovies.net/watch/7vNaXzYd-madame-x-2021.html,Madame X 2021,https://eplayvid.net/watch/6991ec2dc8715a8
https://upmovies.net/watch/JdArkD0v-expedition-x-season-4.html,Expedition X: Season 4,https://eplayvid.net/watch/97c97ac82e74d7f
https://upmovies.net/watch/qd7lB1zv-expedition-x-season-5.html,Expedition X: Season 5,https://eplayvid.net/watch/e0fe56b55121da6
https://upmovies.net/watch/gdVVrakd-expedition-x-season-3.html,Expedition X: Season 3,https://eplayvid.net/watch/217af947959ace9
https://upmovies.net/watch/kvX95NVx-expedition-x-season-8.html,Expedition X: Season 8,https://filelions.to/v/utpc7njdfda4
https://upmovies.net/watch/VdP6J2Px-anna-x.html,Anna X,https://eplayvid.net/watch/49b49f37bf18ffa
https://upmovies.net/watch/Ed9EKeed-expedition-x-season-2.html,Expedition X: Season 2,https://eplayvid.net/watch/69005be647f6b12
https://upmovies.net/watch/ox0ozmXv-conjure-x.html,Conjure X,https://eplayvid.net/watch/51f67d6a2d7c120
https://upmovies.net/watch/mx5zwoEG-expedition-x-season-1.html,Expedition X: Season 1,https://eplayvid.net/watch/68ce22f0279019d
https://upmovies.net/watch/zGOMQ5vK-hostage-x.html,Hostage X,https://eplayvid.net/watch/53e490e072e6989
https://upmovies.net/watch/zdKOa4d1-conspiracy-x.html,Conspiracy X,https://eplayvid.net/watch/a6316726a5c0197
https://upmovies.net/watch/yd6LDBZx-stuart-x.html,Stuart X,https://eplayvid.net/watch/e080c35c646f12d
https://upmovies.net/watch/ox1yBAxN-monster-x.html,Monster X,https://eplayvid.net/watch/5959c015c2f3f4d
https://upmovies.net/watch/nGEo2Rvb-x-company-season-3.html,Error,Error
