Movie Title,Movie Link
The B-side: Elsa Dorfman's Portrait Photography,https://eplayvid.net/watch/e54384b9c1e96b9
The B-side,https://eplayvid.net/watch/aae31973126834a
B-project Kodou Ambitious 2,https://eplayvid.net/watch/69d2abbac9f198d
Aaliyah: The Princess Of R&b,https://eplayvid.net/watch/76c794ed21906da
Karma's A B*tch!: Season 2,https://eplayvid.net/watch/6c769e40e84f34d
B-movie: Lust & Sound In West-berlin 1979-1989,https://eplayvid.net/watch/56e187f3b94c5cd
Lucia De B.,https://eplayvid.net/watch/8bb9458cd3ca622
F.u.b.a.r.,https://eplayvid.net/watch/ded458fbe81b9db
Mr Joe B. Carvalho,https://eplayvid.net/watch/9e0f133820006e6
Bigfoot Vs. D.b. Cooper,https://eplayvid.net/watch/f4f9935aeb3643c
R&b Divas: Season 3,https://eplayvid.net/watch/16c14aadb0077f8
Cross Fight B-daman Es,https://eplayvid.net/watch/405af56b4bd7b5f
R&b Divas: Los Angeles: Season 1,https://eplayvid.net/watch/e320d46415df24b
R&b Divas: Los Angeles: Season 2,https://eplayvid.net/watch/7dd7f14ab381f9d
R&b Divas: Los Angeles: Season 3,https://eplayvid.net/watch/c8f4b9a6d2e4114
B.o.r.n. To Style: Season 1,https://eplayvid.net/watch/db8f55a23c18c4d
I.b.s.,https://eplayvid.net/watch/af0da01e7aa0a51
Crayon Shin-chan Movie 21: Bakauma B-kyuu Gourmet Survival Battle,https://eplayvid.net/watch/49ab92c20d08d14
B.b. King: The Life Of Riley,https://eplayvid.net/watch/d2dea424bd1961c
G.b.f.,https://eplayvid.net/watch/b71e56a33269785
A.c.a.b.: All Cops Are Bastards,https://eplayvid.net/watch/d082857c72ca7b2
Cross Fight B-daman,https://eplayvid.net/watch/c05b9cab4580cea
Don't Trust The B---- In Apartment 23: Season 2,https://eplayvid.net/watch/5381738942ca321
Battle B-boy,https://eplayvid.net/watch/7bc6c1c4546c1d2
A.c.a.b. - All Cops Are Bastards,https://eplayvid.net/watch/d082857c72ca7b2
Don't Trust The B---- In Apartment 23: Season 1,https://eplayvid.net/watch/a3652e1d94b8b6c
Cross Fight B-daman (dub),https://eplayvid.net/watch/b9405b2700d9164
B.B. King: Live At The Royal Albert Hall,https://eplayvid.net/watch/b1b97a75d4a3860
B.a. Pass,https://eplayvid.net/watch/e00de7b68b35178
